developer,name,price,user_rating
"{'href': '/v1/catalog/us/apps/6469775078/developer?l=en-US', 'data': [{'id': '1712640316', 'type': 'developers', 'href': '/v1/catalog/us/developers/1712640316?l=en-US', 'attributes': {'genreNames': [], 'editorialArtwork': {}, 'name': 'Puzzle Classic Ltd', 'mediaType': 'Mobile Software Applications', 'url': 'https://apps.apple.com/us/developer/puzzle-classic-ltd/id1712640316'}}]}",Bubbles Shooter,0,"{'value': 4.9, 'ratingCount': 36, 'ratingCountList': [0, 0, 1, 3, 32], 'ariaLabelForRatings': '4.9 stars'}"
"{'href': '/v1/catalog/us/apps/687321963/developer?l=en-US', 'data': [{'id': '577839511', 'type': 'developers', 'href': '/v1/catalog/us/developers/577839511?l=en-US', 'attributes': {'genreNames': [], 'editorialArtwork': {}, 'name': 'John Kearon', 'mediaType': 'Mobile Software Applications', 'url': 'https://apps.apple.com/us/developer/john-kearon/id577839511'}}]}",PlanARouteLite,0,"{'value': 2, 'ratingCount': 1, 'ratingCountList': [0, 1, 0, 0, 0], 'ariaLabelForRatings': '2.0 stars'}"
"{'href': '/v1/catalog/us/apps/6474229856/developer?l=en-US', 'data': [{'id': '1537437530', 'type': 'developers', 'href': '/v1/catalog/us/developers/1537437530?l=en-US', 'attributes': {'genreNames': [], 'editorialArtwork': {}, 'name': 'VidHealth', 'mediaType': 'Mobile Software Applications', 'url': 'https://apps.apple.com/us/developer/vidhealth/id1537437530'}}]}",Legacy Scholars SAAFdn,0,"{'value': 0, 'ratingCount': 0, 'ratingCountList': [0, 0, 0, 0, 0], 'ariaLabelForRatings': '0 stars'}"
"{'href': '/v1/catalog/us/apps/1127081894/developer?l=en-US', 'data': [{'id': '1127081893', 'type': 'developers', 'href': '/v1/catalog/us/developers/1127081893?l=en-US', 'attributes': {'genreNames': [], 'editorialArtwork': {}, 'name': 'LikeApp', 'mediaType': 'Mobile Software Applications', 'url': 'https://apps.apple.com/us/developer/likeapp/id1127081893'}}]}",QRPoint Employee monitoring,0,"{'value': 2.1, 'ratingCount': 12, 'ratingCountList': [8, 0, 1, 1, 2], 'ariaLabelForRatings': '2.1 stars'}"
"{'href': '/v1/catalog/us/apps/1574713401/developer?l=en-US', 'data': [{'id': '1574713403', 'type': 'developers', 'href': '/v1/catalog/us/developers/1574713403?l=en-US', 'attributes': {'genreNames': [], 'editorialArtwork': {}, 'name': 'HOZO DESIGN Co.,Limited', 'mediaType': 'Mobile Software Applications', 'url': 'https://apps.apple.com/us/developer/hozo-design-co-limited/id1574713403'}}]}",MEAZOR,0,"{'value': 2, 'ratingCount': 5, 'ratingCountList': [2, 2, 0, 1, 0], 'ariaLabelForRatings': '2.0 stars'}"
"{'href': '/v1/catalog/us/apps/6443978879/developer?l=en-US', 'data': [{'id': '1226698203', 'type': 'developers', 'href': '/v1/catalog/us/developers/1226698203?l=en-US', 'attributes': {'genreNames': [], 'editorialArtwork': {}, 'name': 'Reev Tech Inc.', 'mediaType': 'Mobile Software Applications', 'url': 'https://apps.apple.com/us/developer/reev-tech-inc/id1226698203'}}]}",English Idioms and Slangs,0,"{'value': 4.4, 'ratingCount': 9, 'ratingCountList': [0, 0, 2, 1, 6], 'ariaLabelForRatings': '4.4 stars'}"
"{'href': '/v1/catalog/us/apps/1660211475/developer?l=en-US', 'data': [{'id': '1498544952', 'type': 'developers', 'href': '/v1/catalog/us/developers/1498544952?l=en-US', 'attributes': {'genreNames': [], 'editorialArtwork': {}, 'name': 'Hollywood Park Management LLC', 'mediaType': 'Mobile Software Applications', 'url': 'https://apps.apple.com/us/developer/hollywood-park-management-llc/id1498544952'}}]}",298,0,"{'value': 5, 'ratingCount': 2, 'ratingCountList': [0, 0, 0, 0, 2], 'ariaLabelForRatings': '5.0 stars'}"
"{'href': '/v1/catalog/us/apps/933762472/developer?l=en-US', 'data': [{'id': '933762471', 'type': 'developers', 'href': '/v1/catalog/us/developers/933762471?l=en-US', 'attributes': {'name': 'HANARUM', 'mediaType': 'Mobile Software Applications', 'genreNames': [], 'editorialArtwork': {}, 'url': 'https://apps.apple.com/us/developer/hanarum/id933762471'}}]}",인터넷만화방 - 만화 소설 웹툰의 전자책 서비스,0,"{'wasReset': True, 'value': 0, 'ratingCount': 0, 'ratingCountList': [0, 0, 0, 0, 0], 'ariaLabelForRatings': '0 stars'}"
"{'href': '/v1/catalog/us/apps/6469646080/developer?l=en-US', 'data': [{'id': '1712365875', 'type': 'developers', 'href': '/v1/catalog/us/developers/1712365875?l=en-US', 'attributes': {'genreNames': [], 'editorialArtwork': {}, 'name': 'Mera Studios LTD', 'mediaType': 'Mobile Software Applications', 'url': 'https://apps.apple.com/us/developer/mera-studios-ltd/id1712365875'}}]}",Cubic Planet,0,"{'value': 3.5, 'ratingCount': 8, 'ratingCountList': [3, 0, 0, 0, 5], 'ariaLabelForRatings': '3.5 stars'}"
"{'href': '/v1/catalog/us/apps/1037999669/developer?l=en-US', 'data': [{'id': '1118902192', 'type': 'developers', 'href': '/v1/catalog/us/developers/1118902192?l=en-US', 'attributes': {'genreNames': [], 'editorialArtwork': {}, 'name': 'Klevgränd produkter AB', 'mediaType': 'Mobile Software Applications', 'url': 'https://apps.apple.com/us/developer/klevgr%C3%A4nd-produkter-ab/id1118902192'}}]}",Esspresso,9.99,"{'value': 3.6, 'ratingCount': 15, 'ratingCountList': [4, 0, 2, 1, 8], 'ariaLabelForRatings': '3.6 stars'}"
"{'href': '/v1/catalog/us/apps/1587582342/developer?l=en-US', 'data': [{'id': '1578447741', 'type': 'developers', 'href': '/v1/catalog/us/developers/1578447741?l=en-US', 'attributes': {'genreNames': [], 'editorialArtwork': {}, 'name': 'Home Made', 'mediaType': 'Mobile Software Applications', 'url': 'https://apps.apple.com/us/developer/home-made/id1578447741'}}]}",شغل بيت,0,"{'value': 0, 'ratingCount': 0, 'ratingCountList': [0, 0, 0, 0, 0], 'ariaLabelForRatings': '0 stars'}"
"{'href': '/v1/catalog/us/apps/1525689135/developer?l=en-US', 'data': [{'id': '998176000', 'type': 'developers', 'href': '/v1/catalog/us/developers/998176000?l=en-US', 'attributes': {'genreNames': [], 'editorialArtwork': {}, 'name': 'My Town Games LTD', 'mediaType': 'Mobile Software Applications', 'url': 'https://apps.apple.com/us/developer/my-town-games-ltd/id998176000'}}]}",Baby Town - Coloring Games 2+,0,"{'value': 4.2, 'ratingCount': 70, 'ratingCountList': [6, 3, 5, 12, 44], 'ariaLabelForRatings': '4.2 stars'}"
"{'href': '/v1/catalog/us/apps/6462799693/developer?l=en-US', 'data': [{'id': '887759194', 'type': 'developers', 'href': '/v1/catalog/us/developers/887759194?l=en-US', 'attributes': {'genreNames': [], 'editorialArtwork': {}, 'name': 'Roman Koropets', 'mediaType': 'Mobile Software Applications', 'url': 'https://apps.apple.com/us/developer/roman-koropets/id887759194'}}]}",AI Studio. Art Photo Generator,0,"{'wasReset': True, 'value': 5, 'ratingCount': 1, 'ratingCountList': [0, 0, 0, 0, 1], 'ariaLabelForRatings': '5.0 stars'}"
"{'href': '/v1/catalog/us/apps/940880314/developer?l=en-US', 'data': [{'id': '307726643', 'type': 'developers', 'href': '/v1/catalog/us/developers/307726643?l=en-US', 'attributes': {'genreNames': [], 'editorialArtwork': {}, 'name': 'Retronyms Inc', 'mediaType': 'Mobile Software Applications', 'url': 'https://apps.apple.com/us/developer/retronyms-inc/id307726643'}}]}",Phase84,12.99,"{'value': 3.8, 'ratingCount': 37, 'ratingCountList': [6, 3, 4, 4, 20], 'ariaLabelForRatings': '3.8 stars'}"
"{'href': '/v1/catalog/us/apps/1519964664/developer?l=en-US', 'data': [{'id': '1444997858', 'type': 'developers', 'href': '/v1/catalog/us/developers/1444997858?l=en-US', 'attributes': {'genreNames': [], 'editorialArtwork': {}, 'name': 'Arab International Bank [EG]', 'mediaType': 'Mobile Software Applications', 'url': 'https://apps.apple.com/us/developer/arab-international-bank-eg/id1444997858'}}]}",AIB Banking,0,"{'value': 4.7, 'ratingCount': 152, 'ratingCountList': [2, 2, 5, 15, 128], 'ariaLabelForRatings': '4.7 stars'}"
"{'href': '/v1/catalog/us/apps/1455369077/developer?l=en-US', 'data': [{'id': '844650684', 'type': 'developers', 'href': '/v1/catalog/us/developers/844650684?l=en-US', 'attributes': {'genreNames': [], 'editorialArtwork': {}, 'name': 'AXUS Travel LLC', 'mediaType': 'Mobile Software Applications', 'url': 'https://apps.apple.com/us/developer/axus-travel-llc/id844650684'}}]}",Avenue Two Travel,0,"{'value': 5, 'ratingCount': 8, 'ratingCountList': [0, 0, 0, 0, 8], 'ariaLabelForRatings': '5.0 stars'}"
"{'href': '/v1/catalog/us/apps/1564326936/developer?l=en-US', 'data': [{'id': '1564326939', 'type': 'developers', 'href': '/v1/catalog/us/developers/1564326939?l=en-US', 'attributes': {'genreNames': [], 'editorialArtwork': {}, 'name': 'NEW SEASON COMMUNITY CHURCH', 'mediaType': 'Mobile Software Applications', 'url': 'https://apps.apple.com/us/developer/new-season-community-church/id1564326939'}}]}",New Season Community Church,0,"{'value': 0, 'ratingCount': 0, 'ratingCountList': [0, 0, 0, 0, 0], 'ariaLabelForRatings': '0 stars'}"
"{'href': '/v1/catalog/us/apps/948023319/developer?l=en-US', 'data': [{'id': '670822782', 'type': 'developers', 'href': '/v1/catalog/us/developers/670822782?l=en-US', 'attributes': {'genreNames': [], 'editorialArtwork': {}, 'name': 'W8TOWN LTD', 'mediaType': 'Mobile Software Applications', 'url': 'https://apps.apple.com/us/developer/w8town-ltd/id670822782'}}]}",Salmos Bíblia Falada,0,"{'value': 5, 'ratingCount': 2, 'ratingCountList': [0, 0, 0, 0, 2], 'ariaLabelForRatings': '5.0 stars'}"
"{'href': '/v1/catalog/us/apps/1329279976/developer?l=en-US', 'data': [{'id': '1226061332', 'type': 'developers', 'href': '/v1/catalog/us/developers/1226061332?l=en-US', 'attributes': {'genreNames': [], 'editorialArtwork': {}, 'name': 'Atif Mahmood', 'mediaType': 'Mobile Software Applications', 'url': 'https://apps.apple.com/us/developer/atif-mahmood/id1226061332'}}]}",Gas Car Station Simulator,0,"{'value': 5, 'ratingCount': 2, 'ratingCountList': [0, 0, 0, 0, 2], 'ariaLabelForRatings': '5.0 stars'}"
"{'href': '/v1/catalog/us/apps/1218186657/developer?l=en-US', 'data': [{'id': '490634283', 'type': 'developers', 'href': '/v1/catalog/us/developers/490634283?l=en-US', 'attributes': {'genreNames': [], 'editorialArtwork': {}, 'name': 'Magma Mobile', 'mediaType': 'Mobile Software Applications', 'url': 'https://apps.apple.com/us/developer/magma-mobile/id490634283'}}]}",Fruit Party,0,"{'value': 4.9, 'ratingCount': 22, 'ratingCountList': [0, 0, 1, 1, 20], 'ariaLabelForRatings': '4.9 stars'}"
"{'href': '/v1/catalog/us/apps/6449619921/developer?l=en-US', 'data': [{'id': '1656812217', 'type': 'developers', 'href': '/v1/catalog/us/developers/1656812217?l=en-US', 'attributes': {'genreNames': [], 'editorialArtwork': {}, 'name': 'Roman Chipizubov', 'mediaType': 'Mobile Software Applications', 'url': 'https://apps.apple.com/us/developer/roman-chipizubov/id1656812217'}}]}",Never Have I Ever: Party,0,"{'value': 0, 'ratingCount': 0, 'ratingCountList': [0, 0, 0, 0, 0], 'ariaLabelForRatings': '0 stars'}"
"{'href': '/v1/catalog/us/apps/1460231806/developer?l=en-US', 'data': [{'id': '1460231805', 'type': 'developers', 'href': '/v1/catalog/us/developers/1460231805?l=en-US', 'attributes': {'genreNames': [], 'editorialArtwork': {}, 'name': 'Lounge and Live TV, s.r.o.', 'mediaType': 'Mobile Software Applications', 'url': 'https://apps.apple.com/us/developer/lounge-and-live-tv-s-r-o/id1460231805'}}]}",Lounge TV,0,"{'value': 0, 'ratingCount': 0, 'ratingCountList': [0, 0, 0, 0, 0], 'ariaLabelForRatings': '0 stars'}"
"{'href': '/v1/catalog/us/apps/6448929234/developer?l=en-US', 'data': [{'id': '1673523320', 'type': 'developers', 'href': '/v1/catalog/us/developers/1673523320?l=en-US', 'attributes': {'genreNames': [], 'editorialArtwork': {}, 'name': 'Centroid Labs', 'mediaType': 'Mobile Software Applications', 'url': 'https://apps.apple.com/us/developer/centroid-labs/id1673523320'}}]}",ChatVerse - AI Chat Characters,0,"{'value': 4.7, 'ratingCount': 15, 'ratingCountList': [1, 0, 0, 1, 13], 'ariaLabelForRatings': '4.7 stars'}"
"{'href': '/v1/catalog/us/apps/1142148161/developer?l=en-US', 'data': [{'id': '756359898', 'type': 'developers', 'href': '/v1/catalog/us/developers/756359898?l=en-US', 'attributes': {'genreNames': [], 'editorialArtwork': {}, 'name': 'nasar khan', 'mediaType': 'Mobile Software Applications', 'url': 'https://apps.apple.com/us/developer/nasar-khan/id756359898'}}]}",My Newborn Kitty Mommy Cat Pregnancy - Kids Games,0,"{'value': 4.5, 'ratingCount': 752, 'ratingCountList': [27, 17, 45, 108, 555], 'ariaLabelForRatings': '4.5 stars'}"
"{'href': '/v1/catalog/us/apps/1058447482/developer?l=en-US', 'data': [{'id': '741519947', 'type': 'developers', 'href': '/v1/catalog/us/developers/741519947?l=en-US', 'attributes': {'genreNames': [], 'editorialArtwork': {}, 'name': 'Fran Garcia Moreno', 'mediaType': 'Mobile Software Applications', 'url': 'https://apps.apple.com/us/developer/fran-garcia-moreno/id741519947'}}]}",Luxury Turbo Speed Car Driving Simulator,0,"{'value': 0, 'ratingCount': 0, 'ratingCountList': [0, 0, 0, 0, 0], 'ariaLabelForRatings': '0 stars'}"
"{'href': '/v1/catalog/us/apps/1438535411/developer?l=en-US', 'data': [{'id': '1378277306', 'type': 'developers', 'href': '/v1/catalog/us/developers/1378277306?l=en-US', 'attributes': {'genreNames': [], 'editorialArtwork': {}, 'name': 'KAZUHIRO KAKIMOTO', 'mediaType': 'Mobile Software Applications', 'url': 'https://apps.apple.com/us/developer/kazuhiro-kakimoto/id1378277306'}}]}",Quick Explorer,0,"{'wasReset': True, 'value': 3, 'ratingCount': 4, 'ratingCountList': [1, 1, 0, 1, 1], 'ariaLabelForRatings': '3.0 stars'}"
"{'href': '/v1/catalog/us/apps/1477061892/developer?l=en-US', 'data': [{'id': '587609506', 'type': 'developers', 'href': '/v1/catalog/us/developers/587609506?l=en-US', 'attributes': {'genreNames': [], 'editorialArtwork': {}, 'name': 'State of Tennessee', 'mediaType': 'Mobile Software Applications', 'url': 'https://apps.apple.com/us/developer/state-of-tennessee/id587609506'}}]}",MyTN,0,"{'value': 4.2, 'ratingCount': 101, 'ratingCountList': [11, 5, 4, 11, 70], 'ariaLabelForRatings': '4.2 stars'}"
"{'href': '/v1/catalog/us/apps/1434871380/developer?l=en-US', 'data': [{'id': '1382694943', 'type': 'developers', 'href': '/v1/catalog/us/developers/1382694943?l=en-US', 'attributes': {'genreNames': [], 'editorialArtwork': {}, 'name': 'KUWAIT PROTOCOL GENERAL TRADING COMPANY W.L.L', 'mediaType': 'Mobile Software Applications', 'url': 'https://apps.apple.com/us/developer/kuwait-protocol-general-trading-company-w-l-l/id1382694943'}}]}",Dealz Daily Offers - Kuwait,0,"{'value': 4.3, 'ratingCount': 29, 'ratingCountList': [5, 0, 0, 0, 24], 'ariaLabelForRatings': '4.3 stars'}"
"{'href': '/v1/catalog/us/apps/865085971/developer?l=en-US', 'data': [{'id': '865085974', 'type': 'developers', 'href': '/v1/catalog/us/developers/865085974?l=en-US', 'attributes': {'genreNames': [], 'editorialArtwork': {}, 'name': 'Anspear Ltd', 'mediaType': 'Mobile Software Applications', 'url': 'https://apps.apple.com/us/developer/anspear-ltd/id865085974'}}]}",nimbl,0,"{'value': 0, 'ratingCount': 0, 'ratingCountList': [0, 0, 0, 0, 0], 'ariaLabelForRatings': '0 stars'}"
"{'href': '/v1/catalog/us/apps/1597502114/developer?l=en-US', 'data': [{'id': '1597502116', 'type': 'developers', 'href': '/v1/catalog/us/developers/1597502116?l=en-US', 'attributes': {'genreNames': [], 'editorialArtwork': {}, 'name': 'Ourco Inc.', 'mediaType': 'Mobile Software Applications', 'url': 'https://apps.apple.com/us/developer/ourco-inc/id1597502116'}}]}","OUR: News, Polls & Surveys",0,"{'value': 4.2, 'ratingCount': 5, 'ratingCountList': [1, 0, 0, 0, 4], 'ariaLabelForRatings': '4.2 stars'}"
"{'href': '/v1/catalog/us/apps/1487501586/developer?l=en-US', 'data': [{'id': '1444545256', 'type': 'developers', 'href': '/v1/catalog/us/developers/1444545256?l=en-US', 'attributes': {'genreNames': [], 'editorialArtwork': {}, 'name': 'Esteban Ricardo Lazzaroni', 'mediaType': 'Mobile Software Applications', 'url': 'https://apps.apple.com/us/developer/esteban-ricardo-lazzaroni/id1444545256'}}]}",Ticketland,0,"{'value': 0, 'ratingCount': 0, 'ratingCountList': [0, 0, 0, 0, 0], 'ariaLabelForRatings': '0 stars'}"
"{'href': '/v1/catalog/us/apps/1197437799/developer?l=en-US', 'data': [{'id': '1197437798', 'type': 'developers', 'href': '/v1/catalog/us/developers/1197437798?l=en-US', 'attributes': {'genreNames': [], 'editorialArtwork': {}, 'name': 'Seneca Valley School District', 'mediaType': 'Mobile Software Applications', 'url': 'https://apps.apple.com/us/developer/seneca-valley-school-district/id1197437798'}}]}",Seneca Valley School District,0,"{'value': 2.7, 'ratingCount': 75, 'ratingCountList': [40, 3, 2, 2, 28], 'ariaLabelForRatings': '2.7 stars'}"
"{'href': '/v1/catalog/us/apps/1336199322/developer?l=en-US', 'data': [{'id': '1336199321', 'type': 'developers', 'href': '/v1/catalog/us/developers/1336199321?l=en-US', 'attributes': {'genreNames': [], 'editorialArtwork': {}, 'name': 'Cellpay, S.A.P.I. de C.V', 'mediaType': 'Mobile Software Applications', 'url': 'https://apps.apple.com/us/developer/cellpay-s-a-p-i-de-c-v/id1336199321'}}]}",Crédito Maestro,0,"{'value': 5, 'ratingCount': 1, 'ratingCountList': [0, 0, 0, 0, 1], 'ariaLabelForRatings': '5.0 stars'}"
"{'href': '/v1/catalog/us/apps/1104776887/developer?l=en-US', 'data': [{'id': '491381849', 'type': 'developers', 'href': '/v1/catalog/us/developers/491381849?l=en-US', 'attributes': {'genreNames': [], 'editorialArtwork': {}, 'name': 'Hiroki Yamada', 'mediaType': 'Mobile Software Applications', 'url': 'https://apps.apple.com/us/developer/hiroki-yamada/id491381849'}}]}",Virtual Therapeutic Rabbit Pet,0,"{'value': 4.4, 'ratingCount': 122, 'ratingCountList': [6, 6, 6, 22, 82], 'ariaLabelForRatings': '4.4 stars'}"
"{'href': '/v1/catalog/us/apps/1618938616/developer?l=en-US', 'data': [{'id': '446742474', 'type': 'developers', 'href': '/v1/catalog/us/developers/446742474?l=en-US', 'attributes': {'genreNames': [], 'editorialArtwork': {}, 'name': 'DE AGOSTINI PUBLISHING SPA', 'mediaType': 'Mobile Software Applications', 'url': 'https://apps.apple.com/us/developer/de-agostini-publishing-spa/id446742474'}}]}",MyDeA by De Agostini,0,"{'value': 0, 'ratingCount': 0, 'ratingCountList': [0, 0, 0, 0, 0], 'ariaLabelForRatings': '0 stars'}"
"{'href': '/v1/catalog/us/apps/412099246/developer?l=en-US', 'data': [{'id': '289679196', 'type': 'developers', 'href': '/v1/catalog/us/developers/289679196?l=en-US', 'attributes': {'genreNames': [], 'editorialArtwork': {}, 'name': 'Televisa', 'mediaType': 'Mobile Software Applications', 'url': 'https://apps.apple.com/us/developer/televisa/id289679196'}}]}",Noticieros Televisa,0,"{'value': 2.8, 'ratingCount': 15, 'ratingCountList': [7, 0, 1, 3, 4], 'ariaLabelForRatings': '2.8 stars'}"
"{'href': '/v1/catalog/us/apps/1006566548/developer?l=en-US', 'data': [{'id': '1234125401', 'type': 'developers', 'href': '/v1/catalog/us/developers/1234125401?l=en-US', 'attributes': {'genreNames': [], 'editorialArtwork': {}, 'name': '潍坊黑光企业管理咨询有限公司', 'mediaType': 'Mobile Software Applications', 'url': 'https://apps.apple.com/us/developer/%E6%BD%8D%E5%9D%8A%E9%BB%91%E5%85%89%E4%BC%81%E4%B8%9A%E7%AE%A1%E7%90%86%E5%92%A8%E8%AF%A2%E6%9C%89%E9%99%90%E5%85%AC%E5%8F%B8/id1234125401'}}]}",黑光图库,0,"{'wasReset': True, 'value': 4.7, 'ratingCount': 3, 'ratingCountList': [0, 0, 0, 1, 2], 'ariaLabelForRatings': '4.7 stars'}"
"{'href': '/v1/catalog/us/apps/1114811228/developer?l=en-US', 'data': [{'id': '1114811227', 'type': 'developers', 'href': '/v1/catalog/us/developers/1114811227?l=en-US', 'attributes': {'genreNames': [], 'editorialArtwork': {}, 'name': 'Five Aces Publishing Ltd.', 'mediaType': 'Mobile Software Applications', 'url': 'https://apps.apple.com/us/developer/five-aces-publishing-ltd/id1114811227'}}]}",New Star Soccer G-Story,0.99,"{'wasReset': True, 'value': 3.7, 'ratingCount': 3, 'ratingCountList': [1, 0, 0, 0, 2], 'ariaLabelForRatings': '3.7 stars'}"
"{'href': '/v1/catalog/us/apps/1109013721/developer?l=en-US', 'data': [{'id': '1109013720', 'type': 'developers', 'href': '/v1/catalog/us/developers/1109013720?l=en-US', 'attributes': {'genreNames': [], 'editorialArtwork': {}, 'name': 'Don Harrison', 'mediaType': 'Mobile Software Applications', 'url': 'https://apps.apple.com/us/developer/don-harrison/id1109013720'}}]}",FireLine Systems,0,"{'value': 4.2, 'ratingCount': 11, 'ratingCountList': [2, 0, 0, 1, 8], 'ariaLabelForRatings': '4.2 stars'}"
"{'href': '/v1/catalog/us/apps/1602419561/developer?l=en-US', 'data': [{'id': '1602419563', 'type': 'developers', 'href': '/v1/catalog/us/developers/1602419563?l=en-US', 'attributes': {'genreNames': [], 'editorialArtwork': {}, 'name': 'wemobi Mobilidade e Tecnologia', 'mediaType': 'Mobile Software Applications', 'url': 'https://apps.apple.com/us/developer/wemobi-mobilidade-e-tecnologia/id1602419563'}}]}",wemobi,0,"{'value': 0, 'ratingCount': 0, 'ratingCountList': [0, 0, 0, 0, 0], 'ariaLabelForRatings': '0 stars'}"
"{'href': '/v1/catalog/us/apps/791402347/developer?l=en-US', 'data': [{'id': '452808753', 'type': 'developers', 'href': '/v1/catalog/us/developers/452808753?l=en-US', 'attributes': {'genreNames': [], 'editorialArtwork': {}, 'name': 'Brain Rice Games, LLC', 'mediaType': 'Mobile Software Applications', 'url': 'https://apps.apple.com/us/developer/brain-rice-games-llc/id452808753'}}]}",Dirty Phrase Frenzy,0.99,"{'value': 3.6, 'ratingCount': 7, 'ratingCountList': [1, 2, 0, 0, 4], 'ariaLabelForRatings': '3.6 stars'}"
"{'href': '/v1/catalog/us/apps/1573486711/developer?l=en-US', 'data': [{'id': '1570520299', 'type': 'developers', 'href': '/v1/catalog/us/developers/1570520299?l=en-US', 'attributes': {'genreNames': [], 'editorialArtwork': {}, 'name': 'QSI Holding Company, Inc.', 'mediaType': 'Mobile Software Applications', 'url': 'https://apps.apple.com/us/developer/qsi-holding-company-inc/id1570520299'}}]}",Ambassador Resources Q,0,"{'value': 4.7, 'ratingCount': 26, 'ratingCountList': [1, 0, 2, 0, 23], 'ariaLabelForRatings': '4.7 stars'}"
"{'href': '/v1/catalog/us/apps/1483681956/developer?l=en-US', 'data': [{'id': '967011963', 'type': 'developers', 'href': '/v1/catalog/us/developers/967011963?l=en-US', 'attributes': {'genreNames': [], 'editorialArtwork': {}, 'name': 'Soluntech', 'mediaType': 'Mobile Software Applications', 'url': 'https://apps.apple.com/us/developer/soluntech/id967011963'}}]}",Barcode Scanner for Knack,0,"{'value': 0, 'ratingCount': 0, 'ratingCountList': [0, 0, 0, 0, 0], 'ariaLabelForRatings': '0 stars'}"
"{'href': '/v1/catalog/us/apps/968283638/developer?l=en-US', 'data': [{'id': '456569836', 'type': 'developers', 'href': '/v1/catalog/us/developers/456569836?l=en-US', 'attributes': {'genreNames': [], 'editorialArtwork': {}, 'name': 'CASIO COMPUTER CO., LTD.', 'mediaType': 'Mobile Software Applications', 'url': 'https://apps.apple.com/us/developer/casio-computer-co-ltd/id456569836'}}]}",EXILIM Connect,0,"{'value': 3, 'ratingCount': 6, 'ratingCountList': [3, 0, 0, 0, 3], 'ariaLabelForRatings': '3.0 stars'}"
"{'href': '/v1/catalog/us/apps/6443995438/developer?l=en-US', 'data': [{'id': '1710428394', 'type': 'developers', 'href': '/v1/catalog/us/developers/1710428394?l=en-US', 'attributes': {'genreNames': [], 'editorialArtwork': {}, 'name': 'tuana altin', 'mediaType': 'Mobile Software Applications', 'url': 'https://apps.apple.com/us/developer/tuana-altin/id1710428394'}}]}",Private Hidden Photo Vault App,0,"{'value': 4.5, 'ratingCount': 14, 'ratingCountList': [1, 1, 0, 0, 12], 'ariaLabelForRatings': '4.5 stars'}"
"{'href': '/v1/catalog/us/apps/1469354430/developer?l=en-US', 'data': [{'id': '1360678770', 'type': 'developers', 'href': '/v1/catalog/us/developers/1360678770?l=en-US', 'attributes': {'genreNames': [], 'editorialArtwork': {}, 'name': 'SERHII SKURENKO', 'mediaType': 'Mobile Software Applications', 'url': 'https://apps.apple.com/us/developer/serhii-skurenko/id1360678770'}}]}",Радио Грузии: radio of Georgia,0,"{'value': 0, 'ratingCount': 0, 'ratingCountList': [0, 0, 0, 0, 0], 'ariaLabelForRatings': '0 stars'}"
"{'href': '/v1/catalog/us/apps/1045862834/developer?l=en-US', 'data': [{'id': '994414753', 'type': 'developers', 'href': '/v1/catalog/us/developers/994414753?l=en-US', 'attributes': {'genreNames': [], 'editorialArtwork': {}, 'name': 'Mobile App Fund', 'mediaType': 'Mobile Software Applications', 'url': 'https://apps.apple.com/us/developer/mobile-app-fund/id994414753'}}]}",Eshet Chayil,0,"{'value': 3.9, 'ratingCount': 14, 'ratingCountList': [3, 0, 1, 1, 9], 'ariaLabelForRatings': '3.9 stars'}"
"{'href': '/v1/catalog/us/apps/633273797/developer?l=en-US', 'data': [{'id': '580608579', 'type': 'developers', 'href': '/v1/catalog/us/developers/580608579?l=en-US', 'attributes': {'genreNames': [], 'editorialArtwork': {}, 'name': 'Organize Tech Labs AB', 'mediaType': 'Mobile Software Applications', 'url': 'https://apps.apple.com/us/developer/organize-tech-labs-ab/id580608579'}}]}",Your salary in real time,0,"{'value': 2.5, 'ratingCount': 2, 'ratingCountList': [1, 0, 0, 1, 0], 'ariaLabelForRatings': '2.5 stars'}"
"{'href': '/v1/catalog/us/apps/1253453127/developer?l=en-US', 'data': [{'id': '1187693169', 'type': 'developers', 'href': '/v1/catalog/us/developers/1187693169?l=en-US', 'attributes': {'genreNames': [], 'editorialArtwork': {}, 'name': 'Santosh Mishra', 'mediaType': 'Mobile Software Applications', 'url': 'https://apps.apple.com/us/developer/santosh-mishra/id1187693169'}}]}",Architecture Dictionary -Terms Definitions,0,"{'value': 1, 'ratingCount': 2, 'ratingCountList': [2, 0, 0, 0, 0], 'ariaLabelForRatings': '1.0 stars'}"
"{'href': '/v1/catalog/us/apps/880977884/developer?l=en-US', 'data': [{'id': '880977887', 'type': 'developers', 'href': '/v1/catalog/us/developers/880977887?l=en-US', 'attributes': {'genreNames': [], 'editorialArtwork': {}, 'name': 'Ihab Hadweh', 'mediaType': 'Mobile Software Applications', 'url': 'https://apps.apple.com/us/developer/ihab-hadweh/id880977887'}}]}",Paldrive تؤوريا,0,"{'value': 5, 'ratingCount': 3, 'ratingCountList': [0, 0, 0, 0, 3], 'ariaLabelForRatings': '5.0 stars'}"
"{'href': '/v1/catalog/us/apps/1592954310/developer?l=en-US', 'data': [{'id': '1540530227', 'type': 'developers', 'href': '/v1/catalog/us/developers/1540530227?l=en-US', 'attributes': {'genreNames': [], 'editorialArtwork': {}, 'name': 'EQBR NETWORKS PTE. LTD.', 'mediaType': 'Mobile Software Applications', 'url': 'https://apps.apple.com/us/developer/eqbr-networks-pte-ltd/id1540530227'}}]}",Whisper MSG,0,"{'value': 5, 'ratingCount': 3, 'ratingCountList': [0, 0, 0, 0, 3], 'ariaLabelForRatings': '5.0 stars'}"
"{'href': '/v1/catalog/us/apps/1637540171/developer?l=en-US', 'data': [{'id': '1449919893', 'type': 'developers', 'href': '/v1/catalog/us/developers/1449919893?l=en-US', 'attributes': {'genreNames': [], 'editorialArtwork': {}, 'name': 'Finpeak Inc.', 'mediaType': 'Mobile Software Applications', 'url': 'https://apps.apple.com/us/developer/finpeak-inc/id1449919893'}}]}",Airmart,0,"{'value': 4.6, 'ratingCount': 9, 'ratingCountList': [1, 0, 0, 0, 8], 'ariaLabelForRatings': '4.6 stars'}"
"{'href': '/v1/catalog/us/apps/1229608034/developer?l=en-US', 'data': [{'id': '517670966', 'type': 'developers', 'href': '/v1/catalog/us/developers/517670966?l=en-US', 'attributes': {'genreNames': [], 'editorialArtwork': {}, 'name': 'Cyber Designz', 'mediaType': 'Mobile Software Applications', 'url': 'https://apps.apple.com/us/developer/cyber-designz/id517670966'}}]}",Kids Urdu Qaida Learning 2017 - Bachon ka Qaida,0,"{'value': 4.5, 'ratingCount': 2, 'ratingCountList': [0, 0, 0, 1, 1], 'ariaLabelForRatings': '4.5 stars'}"
"{'href': '/v1/catalog/us/apps/1175927683/developer?l=en-US', 'data': [{'id': '1175927682', 'type': 'developers', 'href': '/v1/catalog/us/developers/1175927682?l=en-US', 'attributes': {'genreNames': [], 'editorialArtwork': {}, 'name': 'Vantix Systems', 'mediaType': 'Mobile Software Applications', 'url': 'https://apps.apple.com/us/developer/vantix-systems/id1175927682'}}]}",Denver Zoo Mobile,0,"{'value': 2.3, 'ratingCount': 88, 'ratingCountList': [53, 4, 3, 7, 21], 'ariaLabelForRatings': '2.3 stars'}"
"{'href': '/v1/catalog/us/apps/574003239/developer?l=en-US', 'data': [{'id': '574003248', 'type': 'developers', 'href': '/v1/catalog/us/developers/574003248?l=en-US', 'attributes': {'genreNames': [], 'editorialArtwork': {}, 'name': 'Hareau SAS', 'mediaType': 'Mobile Software Applications', 'url': 'https://apps.apple.com/us/developer/hareau-sas/id574003248'}}]}",Weenect® - GPS,0,"{'value': 4.4, 'ratingCount': 92, 'ratingCountList': [6, 3, 3, 19, 61], 'ariaLabelForRatings': '4.4 stars'}"
"{'href': '/v1/catalog/us/apps/6449227250/developer?l=en-US', 'data': [{'id': '1519723792', 'type': 'developers', 'href': '/v1/catalog/us/developers/1519723792?l=en-US', 'attributes': {'genreNames': [], 'editorialArtwork': {}, 'name': 'Foster Care Technologies LLC', 'mediaType': 'Mobile Software Applications', 'url': 'https://apps.apple.com/us/developer/foster-care-technologies-llc/id1519723792'}}]}",Foster Family Portal,0,"{'value': 5, 'ratingCount': 1, 'ratingCountList': [0, 0, 0, 0, 1], 'ariaLabelForRatings': '5.0 stars'}"
"{'href': '/v1/catalog/us/apps/1050549975/developer?l=en-US', 'data': [{'id': '897068888', 'type': 'developers', 'href': '/v1/catalog/us/developers/897068888?l=en-US', 'attributes': {'genreNames': [], 'editorialArtwork': {}, 'name': 'Gantom', 'mediaType': 'Mobile Software Applications', 'url': 'https://apps.apple.com/us/developer/gantom/id897068888'}}]}",GPlex Console,0,"{'value': 5, 'ratingCount': 1, 'ratingCountList': [0, 0, 0, 0, 1], 'ariaLabelForRatings': '5.0 stars'}"
"{'href': '/v1/catalog/us/apps/6443661735/developer?l=en-US', 'data': [{'id': '1648158334', 'type': 'developers', 'href': '/v1/catalog/us/developers/1648158334?l=en-US', 'attributes': {'genreNames': [], 'editorialArtwork': {}, 'name': 'East Meadow School District', 'mediaType': 'Mobile Software Applications', 'url': 'https://apps.apple.com/us/developer/east-meadow-school-district/id1648158334'}}]}",East Meadow Schools,0,"{'value': 0, 'ratingCount': 0, 'ratingCountList': [0, 0, 0, 0, 0], 'ariaLabelForRatings': '0 stars'}"
"{'href': '/v1/catalog/us/apps/1499005856/developer?l=en-US', 'data': [{'id': '1499005855', 'type': 'developers', 'href': '/v1/catalog/us/developers/1499005855?l=en-US', 'attributes': {'genreNames': [], 'editorialArtwork': {}, 'name': 'M & C Food Service, LLC', 'mediaType': 'Mobile Software Applications', 'url': 'https://apps.apple.com/us/developer/m-c-food-service-llc/id1499005855'}}]}",Holy Smokes BBQ & Catering,0,"{'value': 5, 'ratingCount': 1, 'ratingCountList': [0, 0, 0, 0, 1], 'ariaLabelForRatings': '5.0 stars'}"
"{'href': '/v1/catalog/us/apps/940780397/developer?l=en-US', 'data': [{'id': '934430787', 'type': 'developers', 'href': '/v1/catalog/us/developers/934430787?l=en-US', 'attributes': {'genreNames': [], 'editorialArtwork': {}, 'name': 'VINCI Construction', 'mediaType': 'Mobile Software Applications', 'url': 'https://apps.apple.com/us/developer/vinci-construction/id934430787'}}]}",Demat,0,"{'value': 0, 'ratingCount': 0, 'ratingCountList': [0, 0, 0, 0, 0], 'ariaLabelForRatings': '0 stars'}"
"{'href': '/v1/catalog/us/apps/1519481118/developer?l=en-US', 'data': [{'id': '1519481117', 'type': 'developers', 'href': '/v1/catalog/us/developers/1519481117?l=en-US', 'attributes': {'genreNames': [], 'editorialArtwork': {}, 'name': 'Ramsey County Library', 'mediaType': 'Mobile Software Applications', 'url': 'https://apps.apple.com/us/developer/ramsey-county-library/id1519481117'}}]}",Ramsey County Library,0,"{'value': 2.5, 'ratingCount': 18, 'ratingCountList': [7, 4, 1, 3, 3], 'ariaLabelForRatings': '2.5 stars'}"
"{'href': '/v1/catalog/us/apps/6450941785/developer?l=en-US', 'data': [{'id': '1478416801', 'type': 'developers', 'href': '/v1/catalog/us/developers/1478416801?l=en-US', 'attributes': {'genreNames': [], 'editorialArtwork': {}, 'name': 'MD Iftiar Uddin Ahmed', 'mediaType': 'Mobile Software Applications', 'url': 'https://apps.apple.com/us/developer/md-iftiar-uddin-ahmed/id1478416801'}}]}",GPS Soft,0,"{'value': 0, 'ratingCount': 0, 'ratingCountList': [0, 0, 0, 0, 0], 'ariaLabelForRatings': '0 stars'}"
"{'href': '/v1/catalog/us/apps/1618655142/developer?l=en-US', 'data': [{'id': '1618655144', 'type': 'developers', 'href': '/v1/catalog/us/developers/1618655144?l=en-US', 'attributes': {'genreNames': [], 'editorialArtwork': {}, 'name': 'ibrahim eryildirim', 'mediaType': 'Mobile Software Applications', 'url': 'https://apps.apple.com/us/developer/ibrahim-eryildirim/id1618655144'}}]}",Mini Panda Baby Nursery Rhymes,0,"{'value': 5, 'ratingCount': 2, 'ratingCountList': [0, 0, 0, 0, 2], 'ariaLabelForRatings': '5.0 stars'}"
"{'href': '/v1/catalog/us/apps/584769039/developer?l=en-US', 'data': [{'id': '389339707', 'type': 'developers', 'href': '/v1/catalog/us/developers/389339707?l=en-US', 'attributes': {'genreNames': [], 'editorialArtwork': {}, 'name': 'Rakuten Securities, Inc.', 'mediaType': 'Mobile Software Applications', 'url': 'https://apps.apple.com/us/developer/rakuten-securities-inc/id389339707'}}]}",iSPEED Future & Option,0,"{'value': 0, 'ratingCount': 0, 'ratingCountList': [0, 0, 0, 0, 0], 'ariaLabelForRatings': '0 stars'}"
"{'href': '/v1/catalog/us/apps/1350165677/developer?l=en-US', 'data': [{'id': '1268904922', 'type': 'developers', 'href': '/v1/catalog/us/developers/1268904922?l=en-US', 'attributes': {'genreNames': [], 'editorialArtwork': {}, 'name': 'Kenzo Nawa', 'mediaType': 'Mobile Software Applications', 'url': 'https://apps.apple.com/us/developer/kenzo-nawa/id1268904922'}}]}",Remember: Reminders and Todo,0,"{'value': 4.7, 'ratingCount': 24, 'ratingCountList': [0, 0, 1, 6, 17], 'ariaLabelForRatings': '4.7 stars'}"
"{'href': '/v1/catalog/us/apps/6444927126/developer?l=en-US', 'data': [{'id': '1710255943', 'type': 'developers', 'href': '/v1/catalog/us/developers/1710255943?l=en-US', 'attributes': {'genreNames': [], 'editorialArtwork': {}, 'name': 'Fernando Espinoza', 'mediaType': 'Mobile Software Applications', 'url': 'https://apps.apple.com/us/developer/fernando-espinoza/id1710255943'}}]}",Aprintco,0,"{'value': 0, 'ratingCount': 0, 'ratingCountList': [0, 0, 0, 0, 0], 'ariaLabelForRatings': '0 stars'}"
"{'href': '/v1/catalog/us/apps/343382613/developer?l=en-US', 'data': [{'id': '520206887', 'type': 'developers', 'href': '/v1/catalog/us/developers/520206887?l=en-US', 'attributes': {'genreNames': [], 'editorialArtwork': {}, 'name': 'Trader Interactive, LLC', 'mediaType': 'Mobile Software Applications', 'url': 'https://apps.apple.com/us/developer/trader-interactive-llc/id520206887'}}]}",Equipment Trader,0,"{'value': 4.7, 'ratingCount': 399, 'ratingCountList': [12, 4, 7, 61, 315], 'ariaLabelForRatings': '4.7 stars'}"
"{'href': '/v1/catalog/us/apps/1635332417/developer?l=en-US', 'data': [{'id': '439287536', 'type': 'developers', 'href': '/v1/catalog/us/developers/439287536?l=en-US', 'attributes': {'genreNames': [], 'editorialArtwork': {}, 'name': 'PulseCaster Inc.', 'mediaType': 'Mobile Software Applications', 'url': 'https://apps.apple.com/us/developer/pulsecaster-inc/id439287536'}}]}",Nature's Playbook,0,"{'value': 4.8, 'ratingCount': 17, 'ratingCountList': [1, 0, 0, 0, 16], 'ariaLabelForRatings': '4.8 stars'}"
"{'href': '/v1/catalog/us/apps/1354462657/developer?l=en-US', 'data': [{'id': '1354462656', 'type': 'developers', 'href': '/v1/catalog/us/developers/1354462656?l=en-US', 'attributes': {'genreNames': [], 'editorialArtwork': {}, 'name': 'UNIFIED SCHOOL DISTRICT 415', 'mediaType': 'Mobile Software Applications', 'url': 'https://apps.apple.com/us/developer/unified-school-district-415/id1354462656'}}]}",USD 415 Hiawatha Schools,0,"{'value': 0, 'ratingCount': 0, 'ratingCountList': [0, 0, 0, 0, 0], 'ariaLabelForRatings': '0 stars'}"
"{'href': '/v1/catalog/us/apps/1517336553/developer?l=en-US', 'data': [{'id': '1265776440', 'type': 'developers', 'href': '/v1/catalog/us/developers/1265776440?l=en-US', 'attributes': {'genreNames': [], 'editorialArtwork': {}, 'name': '上海玖印实业发展有限公司', 'mediaType': 'Mobile Software Applications', 'url': 'https://apps.apple.com/us/developer/%E4%B8%8A%E6%B5%B7%E7%8E%96%E5%8D%B0%E5%AE%9E%E4%B8%9A%E5%8F%91%E5%B1%95%E6%9C%89%E9%99%90%E5%85%AC%E5%8F%B8/id1265776440'}}]}",悦心智行,0,"{'value': 0, 'ratingCount': 0, 'ratingCountList': [0, 0, 0, 0, 0], 'ariaLabelForRatings': '0 stars'}"
"{'href': '/v1/catalog/us/apps/315322445/developer?l=en-US', 'data': [{'id': '315322448', 'type': 'developers', 'href': '/v1/catalog/us/developers/315322448?l=en-US', 'attributes': {'genreNames': [], 'editorialArtwork': {}, 'name': 'RJS Tech Solutions LLP', 'mediaType': 'Mobile Software Applications', 'url': 'https://apps.apple.com/us/developer/rjs-tech-solutions-llp/id315322448'}}]}",Lexulous Word Game,1.99,"{'value': 4.7, 'ratingCount': 5274, 'ratingCountList': [122, 39, 143, 679, 4291], 'ariaLabelForRatings': '4.7 stars'}"
"{'href': '/v1/catalog/us/apps/1527104410/developer?l=en-US', 'data': [{'id': '1527104412', 'type': 'developers', 'href': '/v1/catalog/us/developers/1527104412?l=en-US', 'attributes': {'genreNames': [], 'editorialArtwork': {}, 'name': ""SAINT MARY'S CATHOLIC SCHOOL (ALEXANDRIA)"", 'mediaType': 'Mobile Software Applications', 'url': 'https://apps.apple.com/us/developer/saint-marys-catholic-school-alexandria/id1527104412'}}]}",Basilica School of Saint Mary,0,"{'value': 3.4, 'ratingCount': 5, 'ratingCountList': [2, 0, 0, 0, 3], 'ariaLabelForRatings': '3.4 stars'}"
"{'href': '/v1/catalog/us/apps/1537193671/developer?l=en-US', 'data': [{'id': '1537193673', 'type': 'developers', 'href': '/v1/catalog/us/developers/1537193673?l=en-US', 'attributes': {'genreNames': [], 'editorialArtwork': {}, 'name': 'Cerebral Inc.', 'mediaType': 'Mobile Software Applications', 'url': 'https://apps.apple.com/us/developer/cerebral-inc/id1537193673'}}]}",Cerebral - Mental Health,0,"{'value': 4.6, 'ratingCount': 29643, 'ratingCountList': [1900, 268, 525, 1909, 25041], 'ariaLabelForRatings': '4.6 stars'}"
"{'href': '/v1/catalog/us/apps/1614666746/developer?l=en-US', 'data': [{'id': '1614666748', 'type': 'developers', 'href': '/v1/catalog/us/developers/1614666748?l=en-US', 'attributes': {'genreNames': [], 'editorialArtwork': {}, 'name': 'Heritage Wine & Liquors Inc', 'mediaType': 'Mobile Software Applications', 'url': 'https://apps.apple.com/us/developer/heritage-wine-liquors-inc/id1614666748'}}]}",Heritage Wine and Liquor,0,"{'value': 4.9, 'ratingCount': 9, 'ratingCountList': [0, 0, 0, 1, 8], 'ariaLabelForRatings': '4.9 stars'}"
"{'href': '/v1/catalog/us/apps/1591525605/developer?l=en-US', 'data': [{'id': '1582920625', 'type': 'developers', 'href': '/v1/catalog/us/developers/1582920625?l=en-US', 'attributes': {'genreNames': [], 'editorialArtwork': {}, 'name': 'Zero Investment SAC', 'mediaType': 'Mobile Software Applications', 'url': 'https://apps.apple.com/us/developer/zero-investment-sac/id1582920625'}}]}",Baba Ijebu Lotto Results,0,"{'value': 3.5, 'ratingCount': 2, 'ratingCountList': [0, 1, 0, 0, 1], 'ariaLabelForRatings': '3.5 stars'}"
"{'href': '/v1/catalog/us/apps/1179723744/developer?l=en-US', 'data': [{'id': '1179685788', 'type': 'developers', 'href': '/v1/catalog/us/developers/1179685788?l=en-US', 'attributes': {'genreNames': [], 'editorialArtwork': {}, 'name': 'Naia Inc.', 'mediaType': 'Mobile Software Applications', 'url': 'https://apps.apple.com/us/developer/naia-inc/id1179685788'}}]}",毎日使えるレシピ帳 レシパル,0,"{'value': 4.3, 'ratingCount': 9, 'ratingCountList': [1, 0, 1, 0, 7], 'ariaLabelForRatings': '4.3 stars'}"
"{'href': '/v1/catalog/us/apps/1012353910/developer?l=en-US', 'data': [{'id': '1012353909', 'type': 'developers', 'href': '/v1/catalog/us/developers/1012353909?l=en-US', 'attributes': {'genreNames': [], 'editorialArtwork': {}, 'name': 'Landmark Industries Holdings, LTD.', 'mediaType': 'Mobile Software Applications', 'url': 'https://apps.apple.com/us/developer/landmark-industries-holdings-ltd/id1012353909'}}]}",Timewise App,0,"{'value': 3, 'ratingCount': 4, 'ratingCountList': [2, 0, 0, 0, 2], 'ariaLabelForRatings': '3.0 stars'}"
"{'href': '/v1/catalog/us/apps/1029427635/developer?l=en-US', 'data': [{'id': '916210832', 'type': 'developers', 'href': '/v1/catalog/us/developers/916210832?l=en-US', 'attributes': {'genreNames': [], 'editorialArtwork': {}, 'name': 'V Group Inc', 'mediaType': 'Mobile Software Applications', 'url': 'https://apps.apple.com/us/developer/v-group-inc/id916210832'}}]}",Tournament Edition,0,"{'value': 3.4, 'ratingCount': 8, 'ratingCountList': [3, 0, 0, 1, 4], 'ariaLabelForRatings': '3.4 stars'}"
"{'href': '/v1/catalog/us/apps/1608087966/developer?l=en-US', 'data': [{'id': '835492291', 'type': 'developers', 'href': '/v1/catalog/us/developers/835492291?l=en-US', 'attributes': {'genreNames': [], 'editorialArtwork': {}, 'name': 'RedX Technology Inc', 'mediaType': 'Mobile Software Applications', 'url': 'https://apps.apple.com/us/developer/redx-technology-inc/id835492291'}}]}",RedX Roof Builder - 3D Design,0,"{'value': 4, 'ratingCount': 37, 'ratingCountList': [7, 1, 1, 4, 24], 'ariaLabelForRatings': '4.0 stars'}"
"{'href': '/v1/catalog/us/apps/1464087553/developer?l=en-US', 'data': [{'id': '1281527707', 'type': 'developers', 'href': '/v1/catalog/us/developers/1281527707?l=en-US', 'attributes': {'genreNames': [], 'editorialArtwork': {}, 'name': 'wemeetplace', 'mediaType': 'Mobile Software Applications', 'url': 'https://apps.apple.com/us/developer/wemeetplace/id1281527707'}}]}",위밋플레이스 - 어디서 만날지 고민하지마!,0,"{'value': 5, 'ratingCount': 1, 'ratingCountList': [0, 0, 0, 0, 1], 'ariaLabelForRatings': '5.0 stars'}"
"{'href': '/v1/catalog/us/apps/1227358409/developer?l=en-US', 'data': [{'id': '1555819694', 'type': 'developers', 'href': '/v1/catalog/us/developers/1555819694?l=en-US', 'attributes': {'genreNames': [], 'editorialArtwork': {}, 'name': 'Dinh Vy Nguyen', 'mediaType': 'Mobile Software Applications', 'url': 'https://apps.apple.com/us/developer/dinh-vy-nguyen/id1555819694'}}]}",Banana Snake Escape,0,"{'value': 4.2, 'ratingCount': 1971, 'ratingCountList': [215, 87, 135, 217, 1317], 'ariaLabelForRatings': '4.2 stars'}"
"{'href': '/v1/catalog/us/apps/1437240291/developer?l=en-US', 'data': [{'id': '614271876', 'type': 'developers', 'href': '/v1/catalog/us/developers/614271876?l=en-US', 'attributes': {'genreNames': [], 'editorialArtwork': {}, 'name': 'Euroland', 'mediaType': 'Mobile Software Applications', 'url': 'https://apps.apple.com/us/developer/euroland/id614271876'}}]}",stc ir,0,"{'value': 5, 'ratingCount': 2, 'ratingCountList': [0, 0, 0, 0, 2], 'ariaLabelForRatings': '5.0 stars'}"
"{'href': '/v1/catalog/us/apps/6451156607/developer?l=en-US', 'data': [{'id': '1563214453', 'type': 'developers', 'href': '/v1/catalog/us/developers/1563214453?l=en-US', 'attributes': {'genreNames': [], 'editorialArtwork': {}, 'name': 'Ankush Minda', 'mediaType': 'Mobile Software Applications', 'url': 'https://apps.apple.com/us/developer/ankush-minda/id1563214453'}}]}",Finance Calculator App,0,"{'value': 0, 'ratingCount': 0, 'ratingCountList': [0, 0, 0, 0, 0], 'ariaLabelForRatings': '0 stars'}"
"{'href': '/v1/catalog/us/apps/1601475827/developer?l=en-US', 'data': [{'id': '1571504000', 'type': 'developers', 'href': '/v1/catalog/us/developers/1571504000?l=en-US', 'attributes': {'genreNames': [], 'editorialArtwork': {}, 'name': 'Hussam Farhat', 'mediaType': 'Mobile Software Applications', 'url': 'https://apps.apple.com/us/developer/hussam-farhat/id1571504000'}}]}",متجر الكتروني,0,"{'value': 0, 'ratingCount': 0, 'ratingCountList': [0, 0, 0, 0, 0], 'ariaLabelForRatings': '0 stars'}"
"{'href': '/v1/catalog/us/apps/6480319824/developer?l=en-US', 'data': [{'id': '1733114661', 'type': 'developers', 'href': '/v1/catalog/us/developers/1733114661?l=en-US', 'attributes': {'genreNames': [], 'editorialArtwork': {}, 'name': 'Ayr Wellness', 'mediaType': 'Mobile Software Applications', 'url': 'https://apps.apple.com/us/developer/ayr-wellness/id1733114661'}}]}",AYR Cannabis Dispensary,0,"{'value': 3.7, 'ratingCount': 3, 'ratingCountList': [1, 0, 0, 0, 2], 'ariaLabelForRatings': '3.7 stars'}"
"{'href': '/v1/catalog/us/apps/1626760566/developer?l=en-US', 'data': [{'id': '1347562710', 'type': 'developers', 'href': '/v1/catalog/us/developers/1347562710?l=en-US', 'attributes': {'genreNames': [], 'editorialArtwork': {}, 'name': 'Ryo Yamashita', 'mediaType': 'Mobile Software Applications', 'url': 'https://apps.apple.com/us/developer/ryo-yamashita/id1347562710'}}]}",TapTemperature for Health App,0,"{'value': 0, 'ratingCount': 0, 'ratingCountList': [0, 0, 0, 0, 0], 'ariaLabelForRatings': '0 stars'}"
"{'href': '/v1/catalog/us/apps/961327340/developer?l=en-US', 'data': [{'id': '900715910', 'type': 'developers', 'href': '/v1/catalog/us/developers/900715910?l=en-US', 'attributes': {'genreNames': [], 'editorialArtwork': {}, 'name': 'Abdullah karakas', 'mediaType': 'Mobile Software Applications', 'url': 'https://apps.apple.com/us/developer/abdullah-karakas/id900715910'}}]}",Awazliq Kitap,0,"{'value': 4.7, 'ratingCount': 37, 'ratingCountList': [2, 1, 0, 0, 34], 'ariaLabelForRatings': '4.7 stars'}"
"{'href': '/v1/catalog/us/apps/1533444700/developer?l=en-US', 'data': [{'id': '595375151', 'type': 'developers', 'href': '/v1/catalog/us/developers/595375151?l=en-US', 'attributes': {'genreNames': [], 'editorialArtwork': {}, 'name': 'ZUBIE INC.', 'mediaType': 'Mobile Software Applications', 'url': 'https://apps.apple.com/us/developer/zubie-inc/id595375151'}}]}",Zubie,0,"{'value': 4.1, 'ratingCount': 11, 'ratingCountList': [2, 0, 1, 0, 8], 'ariaLabelForRatings': '4.1 stars'}"
"{'href': '/v1/catalog/us/apps/6444198531/developer?l=en-US', 'data': [{'id': '1653044979', 'type': 'developers', 'href': '/v1/catalog/us/developers/1653044979?l=en-US', 'attributes': {'genreNames': [], 'editorialArtwork': {}, 'name': 'Beijing Cangshu Technology Co., Ltd.', 'mediaType': 'Mobile Software Applications', 'url': 'https://apps.apple.com/us/developer/beijing-cangshu-technology-co-ltd/id1653044979'}}]}",海龟蘑菇汤,0,"{'value': 4.6, 'ratingCount': 9, 'ratingCountList': [1, 0, 0, 0, 8], 'ariaLabelForRatings': '4.6 stars'}"
"{'href': '/v1/catalog/us/apps/1472603925/developer?l=en-US', 'data': [{'id': '397584892', 'type': 'developers', 'href': '/v1/catalog/us/developers/397584892?l=en-US', 'attributes': {'genreNames': [], 'editorialArtwork': {}, 'name': 'Intelbras S.A.', 'mediaType': 'Mobile Software Applications', 'url': 'https://apps.apple.com/us/developer/intelbras-s-a/id397584892'}}]}",Intelbras Allo,0,"{'value': 3.5, 'ratingCount': 8, 'ratingCountList': [2, 0, 1, 2, 3], 'ariaLabelForRatings': '3.5 stars'}"
"{'href': '/v1/catalog/us/apps/6450431051/developer?l=en-US', 'data': [{'id': '1473943417', 'type': 'developers', 'href': '/v1/catalog/us/developers/1473943417?l=en-US', 'attributes': {'genreNames': [], 'editorialArtwork': {}, 'name': 'ivan perfetti', 'mediaType': 'Mobile Software Applications', 'url': 'https://apps.apple.com/us/developer/ivan-perfetti/id1473943417'}}]}",Shush: silence noisy people,0,"{'value': 0, 'ratingCount': 0, 'ratingCountList': [0, 0, 0, 0, 0], 'ariaLabelForRatings': '0 stars'}"
"{'href': '/v1/catalog/us/apps/1508956681/developer?l=en-US', 'data': [{'id': '1508956680', 'type': 'developers', 'href': '/v1/catalog/us/developers/1508956680?l=en-US', 'attributes': {'genreNames': [], 'editorialArtwork': {}, 'name': 'Hans-Martin Hochreiter', 'mediaType': 'Mobile Software Applications', 'url': 'https://apps.apple.com/us/developer/hans-martin-hochreiter/id1508956680'}}]}",Canasta Score Keeper,0,"{'value': 3.7, 'ratingCount': 24, 'ratingCountList': [5, 2, 1, 3, 13], 'ariaLabelForRatings': '3.7 stars'}"
"{'href': '/v1/catalog/us/apps/6449086888/developer?l=en-US', 'data': [{'id': '1672207717', 'type': 'developers', 'href': '/v1/catalog/us/developers/1672207717?l=en-US', 'attributes': {'genreNames': [], 'editorialArtwork': {}, 'name': 'Muhammad Sheeraz', 'mediaType': 'Mobile Software Applications', 'url': 'https://apps.apple.com/us/developer/muhammad-sheeraz/id1672207717'}}]}",Animal Transport Truck Game,0,"{'value': 3.7, 'ratingCount': 3, 'ratingCountList': [1, 0, 0, 0, 2], 'ariaLabelForRatings': '3.7 stars'}"
"{'href': '/v1/catalog/us/apps/681966300/developer?l=en-US', 'data': [{'id': '1087209622', 'type': 'developers', 'href': '/v1/catalog/us/developers/1087209622?l=en-US', 'attributes': {'name': 'Bezier Games, Inc.', 'mediaType': 'Mobile Software Applications', 'genreNames': [], 'editorialArtwork': {}, 'url': 'https://apps.apple.com/us/developer/bezier-games-inc/id1087209622'}}]}",SUBURBIA City Building Game,7.99,"{'value': 3.3, 'ratingCount': 21, 'ratingCountList': [5, 2, 3, 3, 8], 'ariaLabelForRatings': '3.3 stars'}"
"{'href': '/v1/catalog/us/apps/934070569/developer?l=en-US', 'data': [{'id': '355542146', 'type': 'developers', 'href': '/v1/catalog/us/developers/355542146?l=en-US', 'attributes': {'genreNames': [], 'editorialArtwork': {}, 'name': 'NASA', 'mediaType': 'Mobile Software Applications', 'url': 'https://apps.apple.com/us/developer/nasa/id355542146'}}]}",Space Station Research Xplorer,0,"{'value': 5, 'ratingCount': 10, 'ratingCountList': [0, 0, 0, 0, 10], 'ariaLabelForRatings': '5.0 stars'}"
"{'href': '/v1/catalog/us/apps/1203319453/developer?l=en-US', 'data': [{'id': '999834272', 'type': 'developers', 'href': '/v1/catalog/us/developers/999834272?l=en-US', 'attributes': {'genreNames': [], 'editorialArtwork': {}, 'name': 'Sebae Data Solutions, Inc.', 'mediaType': 'Mobile Software Applications', 'url': 'https://apps.apple.com/us/developer/sebae-data-solutions-inc/id999834272'}}]}",Vintage Barn Auctions,0,"{'value': 1, 'ratingCount': 1, 'ratingCountList': [1, 0, 0, 0, 0], 'ariaLabelForRatings': '1.0 stars'}"
"{'href': '/v1/catalog/us/apps/916413230/developer?l=en-US', 'data': [{'id': '598114913', 'type': 'developers', 'href': '/v1/catalog/us/developers/598114913?l=en-US', 'attributes': {'genreNames': [], 'editorialArtwork': {}, 'name': 'Third Wire Productions', 'mediaType': 'Mobile Software Applications', 'url': 'https://apps.apple.com/us/developer/third-wire-productions/id598114913'}}]}",Star Vector,0,"{'value': 3.7, 'ratingCount': 44, 'ratingCountList': [9, 1, 4, 11, 19], 'ariaLabelForRatings': '3.7 stars'}"
"{'href': '/v1/catalog/us/apps/1606234333/developer?l=en-US', 'data': [{'id': '1606234335', 'type': 'developers', 'href': '/v1/catalog/us/developers/1606234335?l=en-US', 'attributes': {'genreNames': [], 'editorialArtwork': {}, 'name': 'Matthew Lee', 'mediaType': 'Mobile Software Applications', 'url': 'https://apps.apple.com/us/developer/matthew-lee/id1606234335'}}]}",Sense: Nightlife Statistics,0,"{'value': 4.5, 'ratingCount': 8, 'ratingCountList': [1, 0, 0, 0, 7], 'ariaLabelForRatings': '4.5 stars'}"
"{'href': '/v1/catalog/us/apps/1519562000/developer?l=en-US', 'data': [{'id': '1248626616', 'type': 'developers', 'href': '/v1/catalog/us/developers/1248626616?l=en-US', 'attributes': {'genreNames': [], 'editorialArtwork': {}, 'name': 'GuacApps LLC.', 'mediaType': 'Mobile Software Applications', 'url': 'https://apps.apple.com/us/developer/guacapps-llc/id1248626616'}}]}",Pounce: Adopt a pet,0,"{'value': 4.5, 'ratingCount': 8, 'ratingCountList': [1, 0, 0, 0, 7], 'ariaLabelForRatings': '4.5 stars'}"
"{'href': '/v1/catalog/us/apps/1554845287/developer?l=en-US', 'data': [{'id': '1554845289', 'type': 'developers', 'href': '/v1/catalog/us/developers/1554845289?l=en-US', 'attributes': {'name': '飞项科技(广州)有限公司', 'mediaType': 'Mobile Software Applications', 'genreNames': [], 'editorialArtwork': {}, 'url': 'https://apps.apple.com/us/developer/%E9%A3%9E%E9%A1%B9%E7%A7%91%E6%8A%80-%E5%B9%BF%E5%B7%9E-%E6%9C%89%E9%99%90%E5%85%AC%E5%8F%B8/id1554845289'}}]}",飞项-目标及任务协作管理,0,"{'value': 3, 'ratingCount': 1, 'ratingCountList': [0, 0, 1, 0, 0], 'ariaLabelForRatings': '3.0 stars'}"
"{'href': '/v1/catalog/us/apps/669999157/developer?l=en-US', 'data': [{'id': '667479727', 'type': 'developers', 'href': '/v1/catalog/us/developers/667479727?l=en-US', 'attributes': {'genreNames': [], 'editorialArtwork': {}, 'name': '杨 高', 'mediaType': 'Mobile Software Applications', 'url': 'https://apps.apple.com/us/developer/%E6%9D%A8-%E9%AB%98/id667479727'}}]}","古龙武侠小说-在线书城,武侠玄幻各种小说保证全部免费下载",0,"{'value': 0, 'ratingCount': 0, 'ratingCountList': [0, 0, 0, 0, 0], 'ariaLabelForRatings': '0 stars'}"
"{'href': '/v1/catalog/us/apps/6444257571/developer?l=en-US', 'data': [{'id': '1653383720', 'type': 'developers', 'href': '/v1/catalog/us/developers/1653383720?l=en-US', 'attributes': {'genreNames': [], 'editorialArtwork': {}, 'name': 'Wellness Health Technologies Ltd', 'mediaType': 'Mobile Software Applications', 'url': 'https://apps.apple.com/us/developer/wellness-health-technologies-ltd/id1653383720'}}]}",Wellness Plus,0,"{'value': 0, 'ratingCount': 0, 'ratingCountList': [0, 0, 0, 0, 0], 'ariaLabelForRatings': '0 stars'}"
"{'href': '/v1/catalog/us/apps/527772643/developer?l=en-US', 'data': [{'id': '527772646', 'type': 'developers', 'href': '/v1/catalog/us/developers/527772646?l=en-US', 'attributes': {'genreNames': [], 'editorialArtwork': {}, 'name': 'Summit Hill Software, Inc.', 'mediaType': 'Mobile Software Applications', 'url': 'https://apps.apple.com/us/developer/summit-hill-software-inc/id527772646'}}]}",iUltimate,0,"{'value': 4, 'ratingCount': 4, 'ratingCountList': [0, 0, 1, 2, 1], 'ariaLabelForRatings': '4.0 stars'}"
"{'href': '/v1/catalog/us/apps/924246297/developer?l=en-US', 'data': [{'id': '356342220', 'type': 'developers', 'href': '/v1/catalog/us/developers/356342220?l=en-US', 'attributes': {'genreNames': [], 'editorialArtwork': {}, 'name': 'ISLAMOBILE', 'mediaType': 'Mobile Software Applications', 'url': 'https://apps.apple.com/us/developer/islamobile/id356342220'}}]}",Al Quran Audio Pro in English,0,"{'value': 3.6, 'ratingCount': 22, 'ratingCountList': [5, 0, 4, 2, 11], 'ariaLabelForRatings': '3.6 stars'}"
"{'href': '/v1/catalog/us/apps/1213400169/developer?l=en-US', 'data': [{'id': '1213400168', 'type': 'developers', 'href': '/v1/catalog/us/developers/1213400168?l=en-US', 'attributes': {'genreNames': [], 'editorialArtwork': {}, 'name': 'VISCO LLC', 'mediaType': 'Mobile Software Applications', 'url': 'https://apps.apple.com/us/developer/visco-llc/id1213400168'}}]}",VISCO,0,"{'value': 5, 'ratingCount': 4, 'ratingCountList': [0, 0, 0, 0, 4], 'ariaLabelForRatings': '5.0 stars'}"
"{'href': '/v1/catalog/us/apps/1582482892/developer?l=en-US', 'data': [{'id': '1574976064', 'type': 'developers', 'href': '/v1/catalog/us/developers/1574976064?l=en-US', 'attributes': {'genreNames': [], 'editorialArtwork': {}, 'name': 'CommentSold Apps', 'mediaType': 'Mobile Software Applications', 'url': 'https://apps.apple.com/us/developer/commentsold-apps/id1574976064'}}]}",The Glow up,0,"{'value': 5, 'ratingCount': 6, 'ratingCountList': [0, 0, 0, 0, 6], 'ariaLabelForRatings': '5.0 stars'}"
"{'href': '/v1/catalog/us/apps/6468839528/developer?l=en-US', 'data': [{'id': '1706567349', 'type': 'developers', 'href': '/v1/catalog/us/developers/1706567349?l=en-US', 'attributes': {'genreNames': [], 'editorialArtwork': {}, 'name': 'TalkApps', 'mediaType': 'Mobile Software Applications', 'url': 'https://apps.apple.com/us/developer/talkapps/id1706567349'}}]}",Ultimind,0,"{'value': 5, 'ratingCount': 4, 'ratingCountList': [0, 0, 0, 0, 4], 'ariaLabelForRatings': '5.0 stars'}"
"{'href': '/v1/catalog/us/apps/6444114461/developer?l=en-US', 'data': [{'id': '568188904', 'type': 'developers', 'href': '/v1/catalog/us/developers/568188904?l=en-US', 'attributes': {'genreNames': [], 'editorialArtwork': {}, 'name': 'Dolby Laboratories', 'mediaType': 'Mobile Software Applications', 'url': 'https://apps.apple.com/us/developer/dolby-laboratories/id568188904'}}]}",Dolby.io Video Call app,0,"{'value': 3, 'ratingCount': 2, 'ratingCountList': [1, 0, 0, 0, 1], 'ariaLabelForRatings': '3.0 stars'}"
"{'href': '/v1/catalog/us/apps/1549592028/developer?l=en-US', 'data': [{'id': '1268870591', 'type': 'developers', 'href': '/v1/catalog/us/developers/1268870591?l=en-US', 'attributes': {'genreNames': [], 'editorialArtwork': {}, 'name': 'Genial Investimentos Corretora de Valores S A', 'mediaType': 'Mobile Software Applications', 'url': 'https://apps.apple.com/us/developer/genial-investimentos-corretora-de-valores-s-a/id1268870591'}}]}",Genial HB,0,"{'value': 5, 'ratingCount': 1, 'ratingCountList': [0, 0, 0, 0, 1], 'ariaLabelForRatings': '5.0 stars'}"
"{'href': '/v1/catalog/us/apps/1599857472/developer?l=en-US', 'data': [{'id': '952621043', 'type': 'developers', 'href': '/v1/catalog/us/developers/952621043?l=en-US', 'attributes': {'genreNames': [], 'editorialArtwork': {}, 'name': 'Phan Tai Phuong', 'mediaType': 'Mobile Software Applications', 'url': 'https://apps.apple.com/us/developer/phan-tai-phuong/id952621043'}}]}",Talkdy English 1v1,0,"{'value': 0, 'ratingCount': 0, 'ratingCountList': [0, 0, 0, 0, 0], 'ariaLabelForRatings': '0 stars'}"
